{
    "wildguardtest": {
        "micro harm (lower)": 0.650200267022697,
        "prompt_type harm (lower)": {
            "private_information_individual": 0.5432098765432098,
            "others": 0.6428571428571429,
            "cyberattack": 0.6875,
            "sexual_content": 0.6595744680851063,
            "social_stereotypes_and_unfair_discrimination": 0.5263157894736842,
            "toxic_language_hate_speech": 0.8292682926829268,
            "violence_and_physical_harm": 0.875,
            "defamation_encouraging_unethical_or_unsafe_actions": 0.8260869565217391,
            "fraud_assisting_illegal_activities": 0.5333333333333333,
            "mental_health_over-reliance_crisis": 0.6,
            "causing_material_harm_by_disseminating_misinformation": 0.7333333333333333,
            "disseminating_false_or_misleading_information_encouraging_disinformation_campaigns": 0.8372093023255814,
            "copyright_violations": 0.5666666666666667,
            "sensitive_information_organization_government": 0.4897959183673469
        },
        "adversarial harm (lower)": 0.5964391691394659,
        "vanilla harm (lower)": 0.6941747572815534
    },
    "harmbench": {
        "micro ASR (lower)": 0.646875,
        "FunctionalCategory ASR (lower)": {
            "standard": 0.8113207547169812,
            "contextual": 0.7037037037037037,
            "copyright": 0.2625
        },
        "SemanticCategory ASR (lower)": {
            "misinformation_disinformation": 0.7222222222222222,
            "chemical_biological": 0.8809523809523809,
            "illegal": 0.8113207547169812,
            "harmful": 0.6111111111111112,
            "copyright": 0.2625,
            "cybercrime_intrusion": 0.8461538461538461,
            "harassment_bullying": 0.5714285714285714
        }
    },
    "xstest": {
        "inverted_rta_all_safe": 0.376,
        "inverted_rta_all_contrast": 0.565,
        "inverted_rta_homonyms": 0.43999999999999995,
        "inverted_rta_contrast_homonyms": 0.6,
        "inverted_rta_figurative_language": 0.43999999999999995,
        "inverted_rta_contrast_figurative_language": 0.6799999999999999,
        "inverted_rta_safe_targets": 0.24,
        "inverted_rta_contrast_safe_targets": 0.72,
        "inverted_rta_safe_contexts": 0.52,
        "inverted_rta_contrast_safe_contexts": 0.56,
        "inverted_rta_definitions": 0.64,
        "inverted_rta_contrast_definitions": 0.52,
        "inverted_rta_nons_group_real_discr": 0.28,
        "inverted_rta_real_group_nons_discr": 0.31999999999999995,
        "inverted_rta_contrast_discr": 0.36,
        "inverted_rta_historical_events": 0.4,
        "inverted_rta_contrast_historical_events": 0.64,
        "inverted_rta_privacy_public": 0.28,
        "inverted_rta_privacy_fictional": 0.19999999999999996,
        "inverted_rta_contrast_privacy": 0.43999999999999995,
        "refusal_prf": {
            "precision": 0.35802469135802467,
            "recall": 0.435,
            "f1": 0.3927765237020316
        },
        "overall_accuracy": 0.4022222222222222
    },
    "do_anything_now": {
        "macro ASR": 0.5633333333333334,
        "jailbreak_chat ASR": 0.5593869731800766,
        "LLM Promptwriting ASR": 0.5,
        "BreakGPT ASR": 0.4375,
        "ChatGPTJailbreak ASR": 0.5,
        "ChatGPT ASR": 1.0,
        "AI Prompt Sharing ASR": 0.3333333333333333
    }
}